{"cameraMode":{"drawMode":0,"name":"Shaded","section":"Shading Mode"},"sceneLighting":true,"audioPlay":false,"sceneViewState":{"m_AlwaysRefresh":false,"showFog":true,"showSkybox":true,"showFlares":true,"showImageEffects":true,"showParticleSystems":true,"showVisualEffectGraphs":true,"m_FxEnabled":true},"in2DMode":false,"pivot":{"x":-2.941446304321289,"y":2.0849499702453615,"z":31.096914291381837},"rotation":{"x":-0.10663983970880509,"y":-0.3826135993003845,"z":0.04450461268424988,"w":-0.9166820049285889},"size":13.826544761657715,"orthographic":false}