{"cameraMode":{"drawMode":0,"name":"Shaded","section":"Shading Mode"},"sceneLighting":true,"audioPlay":false,"sceneViewState":{"m_AlwaysRefresh":false,"showFog":true,"showSkybox":true,"showFlares":true,"showImageEffects":true,"showParticleSystems":true,"showVisualEffectGraphs":true,"m_FxEnabled":true},"in2DMode":false,"pivot":{"x":2.1224002838134767,"y":-17.338504791259767,"z":23.746105194091798},"rotation":{"x":-0.33558833599090578,"y":0.12300564348697663,"z":-0.044255100190639499,"w":-0.932918131351471},"size":38.231285095214847,"orthographic":false}