{"cameraMode":{"drawMode":0,"name":"Shaded","section":"Shading Mode"},"sceneLighting":true,"audioPlay":false,"sceneViewState":{"m_AlwaysRefresh":false,"showFog":true,"showSkybox":true,"showFlares":true,"showImageEffects":true,"showParticleSystems":true,"showVisualEffectGraphs":true,"m_FxEnabled":true},"in2DMode":false,"pivot":{"x":-4.267678260803223,"y":-16.703819274902345,"z":27.43355941772461},"rotation":{"x":-0.25303858518600466,"y":0.19485872983932496,"z":-0.052117154002189639,"w":-0.9462184309959412},"size":45.49919509887695,"orthographic":false}