{"cameraMode":{"drawMode":0,"name":"Shaded","section":"Shading Mode"},"sceneLighting":true,"audioPlay":false,"sceneViewState":{"m_AlwaysRefresh":false,"showFog":true,"showSkybox":true,"showFlares":true,"showImageEffects":true,"showParticleSystems":true,"showVisualEffectGraphs":true,"m_FxEnabled":true},"in2DMode":false,"pivot":{"x":18.017900466918947,"y":-3.1102590560913088,"z":8.623270988464356},"rotation":{"x":0.14655852317810059,"y":0.47769924998283389,"z":-0.08115041255950928,"w":0.8624600172042847},"size":15.789063453674317,"orthographic":false}